tooth_position,transitions,events,x,y,event_fraction
T55,122,14,-0.748104778,0.270834684,0.11475409836065574
T54,98,3,-0.653119356,0.53809577,0.030612244897959183
T53,16,0,-0.495714108,0.823047157,0.0
T52,16,0,-0.293294283,0.981892308,0.0
T51,12,0,-0.09211352499999999,1.019516211,0.0
T61,12,0,0.092799012,1.013710899,0.0
T62,16,0,0.275218837,0.985489652,0.0
T63,16,0,0.458892306,0.822255125,0.0
T64,106,3,0.620058487,0.528887802,0.02830188679245283
T65,119,15,0.69504391,0.251626716,0.12605042016806722
T85,97,15,-0.748104778,0.269860123,0.15463917525773196
T84,88,8,-0.660641221,0.536329177,0.09090909090909091
T83,16,0,-0.498250551,0.826891187,0.0
T82,16,0,-0.323323437,0.971709779,0.0
T81,15,0,-0.092128102,1.01920402,0.0
T71,14,0,0.091813589,1.01317747,0.0
T72,16,0,0.283994347,0.984515091,0.0
T73,16,0,0.445189682,0.820488531,0.0
T74,94,10,0.625073064,0.523523865,0.10638297872340426
T75,91,15,0.698804843,0.257054811,0.16483516483516483
